"Mean","Median","Standard Deviation","Variance","Kurtosis"
-0.063448275862069,0.26,0.962994866705162,0.927359113300493,3.73801809580112
