"Mean","Median","Standard Deviation","Variance","Kurtosis"
36.3372413793103,39.79,13.295309832674,176.765263546798,3.51747056932357
